{"cameraMode":{"drawMode":0,"name":"Shaded","section":"Shading Mode"},"sceneLighting":true,"audioPlay":false,"sceneViewState":{"showFog":true,"showMaterialUpdate":false,"showSkybox":true,"showFlares":true,"showImageEffects":true,"showParticleSystems":true},"in2DMode":false,"pivot":{"x":-7.1103715896606449,"y":14.434752464294434,"z":-7.6195526123046879},"rotation":{"x":0.03599958494305611,"y":0.956627368927002,"z":-0.25582611560821535,"w":0.13461479544639588},"size":53.26218795776367,"orthographic":false}