{"cameraMode":{"drawMode":0,"name":"Shaded","section":"Shading Mode"},"sceneLighting":false,"audioPlay":false,"sceneViewState":{"showFog":true,"showMaterialUpdate":false,"showSkybox":true,"showFlares":true,"showImageEffects":true,"showParticleSystems":true},"in2DMode":false,"pivot":{"x":-45.404502868652347,"y":6.460094928741455,"z":60.603424072265628},"rotation":{"x":-0.2624723017215729,"y":-0.6073602437973023,"z":0.2226468026638031,"w":-0.7159960269927979},"size":8.120906829833985,"orthographic":false}