{"cameraMode":{"drawMode":0,"name":"Shaded","section":"Shading Mode"},"sceneLighting":false,"audioPlay":false,"sceneViewState":{"showFog":true,"showMaterialUpdate":false,"showSkybox":true,"showFlares":true,"showImageEffects":true,"showParticleSystems":true},"in2DMode":false,"pivot":{"x":20.261241912841798,"y":24.821792602539064,"z":48.79510498046875},"rotation":{"x":-0.4469771981239319,"y":-0.1356584131717682,"z":0.06878390163183212,"w":-0.8815197348594666},"size":25.105653762817384,"orthographic":false}