{"cameraMode":{"drawMode":0,"name":"Shaded","section":"Shading Mode"},"sceneLighting":false,"audioPlay":false,"sceneViewState":{"showFog":true,"showMaterialUpdate":false,"showSkybox":true,"showFlares":true,"showImageEffects":true,"showParticleSystems":true},"in2DMode":false,"pivot":{"x":12.859999656677246,"y":2.059999942779541,"z":20.920000076293947},"rotation":{"x":0.009247087873518467,"y":0.9090025424957275,"z":-0.41619864106178286,"w":0.020191842690110208},"size":10.507062911987305,"orthographic":false}